supplier_name,reporting_month,org_id,pwsid,report_period_end_date,main_county,hydro_region,population,total_water_production,potable_supply_minus_sold_minus_ag_gal_flag,r_gpcd,res_flag,latitude,longitude,regional_r_gpcd,county_r_gpcd
Alameda County Water District,2025-10-01,23.0,CA0110001,2025-10-31,Alameda,San Francisco Bay,344000.0,1197169810.0,,83.0,,37.538,-122.021,66.1,71.7
California Water Service Company Livermore,2025-10-01,401.0,CA0110003,2025-10-31,Alameda,San Francisco Bay,60414.0,211409670.0,,98.9,,37.676,-121.754,66.1,71.7
City of Hayward,2025-10-01,1143.0,CA0110006,2025-10-31,Alameda,San Francisco Bay,162954.0,398787999.0,,54.8,,37.645,-122.079,66.1,71.7
City of Livermore,2025-10-01,1443.0,CA0110011,2025-10-31,Alameda,San Francisco Bay,38892.0,147084000.0,,84.9,,37.688,-121.756,66.1,71.7
City of Pleasanton,2025-10-01,1940.0,CA0110008,2025-10-31,Alameda,San Francisco Bay,76689.0,327841000.0,,110.0,,37.662,-121.886,66.1,71.7
Dublin San Ramon Services District,2025-10-01,759.0,CA0110009,2025-10-31,Alameda,San Francisco Bay,98776.0,271367000.0,,63.2,,37.732,-121.9,66.1,71.7
East Bay Municipal Utility District,2025-10-01,775.0,CA0110005,2025-10-31,Alameda,San Francisco Bay,1442800.0,,Flagged,68.0,,37.844,-122.192,66.1,71.7
Amador Water Agency,2025-10-01,55.0,"CA0310002,CA0310003,CA0310012,CA0310019,CA0310021",2025-10-31,Amador,San Joaquin River,23548.0,89814209.0,,74.4,,38.382,-120.794,103.3,74.4
California Water Service Company Chico District,2025-10-01,388.0,"CA0410002,CA1110002",2025-10-31,Butte,Sacramento River,113610.0,570179164.0,,127.7,,39.746,-121.835,115.8,123.5
California Water Service Company Oroville,2025-10-01,412.0,CA0410005,2025-10-31,Butte,Sacramento River,11045.0,81628827.0,,74.2,,39.498,-121.559,115.8,123.5
Del Oro Water Company,2025-10-01,699.0,CA0410011,2025-10-31,Butte,Sacramento River,10900.0,24378816.0,,46.3,,39.815,-121.6,115.8,123.5
Paradise Irrigation District,2025-10-01,1859.0,CA0410007,2023-04-30,Butte,Sacramento River,4764.0,,Flagged,0.0,,39.756,-121.607,115.8,123.5
South Feather Water and Power,2025-10-01,2337.0,"CA0410006,CA0410012",2025-10-31,Butte,Sacramento River,22737.0,,Flagged,177.3,,39.593835,-121.263753,115.8,123.5
Thermalito Water and Sewer District,2025-10-01,2466.0,CA0410008,2025-10-31,Butte,Sacramento River,12136.0,54821000.0,,97.2,,39.543,-121.591,115.8,123.5
Calaveras County Water District,2025-10-01,351.0,"CA0510004,CA0510005,CA0510006,CA0510016,CA0510017,CA0510019",2025-10-31,Calaveras,San Joaquin River,27980.0,130581300.0,,81.6,,38.261,-120.688,103.3,81.6
City of Antioch,2025-10-01,82.0,CA0710001,2025-09-30,Contra Costa,San Joaquin River,115074.0,,Flagged,0.0,,37.98,-121.797,103.3,93.9
City of Brentwood,2025-10-01,264.0,CA0710004,2025-10-31,Contra Costa,San Joaquin River,64513.0,274181000.0,,101.6,,37.936,-121.719,103.3,93.9
City of Martinez,2025-10-01,1554.0,CA0710006,2025-10-31,Contra Costa,San Francisco Bay,30997.0,127051000.0,,63.4,,37.996,-122.122,66.1,93.9
City of Pittsburg,2025-10-01,1925.0,CA0710008,2025-10-31,Contra Costa,San Francisco Bay,62500.0,226404746.0,,82.8,,38.019,-121.897,66.1,93.9
Contra Costa Water District,2025-10-01,613.0,CA0710003,2025-10-31,Contra Costa,San Francisco Bay,198000.0,857708203.0,,105.5,,37.958,-121.896,66.1,93.9
Diablo Water District,2025-10-01,731.0,CA0710007,2025-10-31,Contra Costa,San Joaquin River,43357.0,153349000.0,,88.6,,37.993,-121.696,103.3,93.9
Discovery Bay Community Services District,2025-10-01,739.0,CA0710009,2025-08-31,Contra Costa,San Joaquin River,16790.0,0.0,,0.0,,37.907,-121.607,103.3,93.9
Golden State Water Company - Bay Point,2025-10-01,1031.0,CA0710002,2025-10-31,Contra Costa,San Francisco Bay,23731.0,48768502.0,,55.5,,38.029,-121.958,66.1,93.9
Crescent City,2025-10-01,649.0,CA0810001,2025-10-31,Del Norte,North Coast,17170.0,56837173.0,,29.9,,41.787,-124.177,62.8,29.9
El Dorado Irrigation District,2025-10-01,816.0,"CA0910001,CA0910017,CA0910018",2025-10-31,El Dorado,Sacramento River,133106.0,479615538.0,,141.1,,38.7346,-120.78864,115.8,141.1
Georgetown Divide Public Utility District,2025-10-01,990.0,CA0910013,2025-08-31,El Dorado,Sacramento River,9434.0,0.0,,0.0,,38.877,-120.91,115.8,141.1
South Tahoe Public Utility District,2025-10-01,2348.0,CA0910002,2025-09-30,El Dorado,North Lahontan,117013.0,0.0,,0.0,,38.905,-120.002,51.8,141.1
Bakman Water Company,2025-10-01,124.0,CA1010001,2025-10-31,Fresno,Tulare Lake,17393.0,73717388.0,,99.8,,36.746,-119.708,108.6,95.6
California Water Service Company Selma,2025-10-01,421.0,CA1010024,2025-10-31,Fresno,Tulare Lake,26456.0,96250442.0,,96.0,,36.578,-119.619,108.6,95.6
City of Clovis,2025-10-01,574.0,CA1010003,2025-10-31,Fresno,Tulare Lake,128411.0,694969000.0,,158.2,,36.826,-119.687,108.6,95.6
City of Coalinga,2025-10-01,578.0,CA1010004,2025-10-31,Fresno,Tulare Lake,17277.0,116002956.0,,64.9,,36.148,-120.354,108.6,95.6
City of Fresno,2025-10-01,934.0,CA1010007,2025-10-31,Fresno,Tulare Lake,545466.0,3280418720.0,,78.1,,36.779,-119.794,108.6,95.6
City of Kerman,2025-10-01,1286.0,CA1010018,2025-10-31,Fresno,Tulare Lake,16995.0,,Flagged,112.2,,36.725,-120.064,108.6,95.6
City of Kingsburg,2025-10-01,1304.0,CA1010019,2025-10-31,Fresno,Tulare Lake,12380.0,80881000.0,,179.3,,36.52,-119.556,108.6,95.6
City of Reedley,2025-10-01,2042.0,CA1010027,2025-09-30,Fresno,Tulare Lake,25227.0,0.0,,0.0,,36.597,-119.448,108.6,95.6
City of Sanger,2025-10-01,2205.0,CA1010029,2025-10-31,Fresno,Tulare Lake,26241.0,171648000.0,,117.5,,36.699,-119.557,108.6,95.6
City of Arcata,2025-10-01,94.0,"CA1210001,CA1210021",2025-10-31,Humboldt,North Coast,22120.0,49964000.0,,37.9,,40.862,-124.075,62.8,51.1
City of Eureka,2025-10-01,859.0,CA1210004,2025-10-31,Humboldt,North Coast,27078.0,75757000.0,,54.9,,40.797,-124.154,62.8,51.1
City of Fortuna,2025-10-01,920.0,CA1210006,2025-10-31,Humboldt,North Coast,12133.0,28620000.0,,51.0,,40.587,-124.142,62.8,51.1
Humboldt Community Services District,2025-10-01,1210.0,CA1210009,2025-10-31,Humboldt,North Coast,19778.0,49080215.0,,55.9,,40.754,-124.152,62.8,51.1
McKinleyville Community Services District,2025-10-01,1570.0,CA1210016,2025-10-31,Humboldt,North Coast,16900.0,36595404.0,,56.6,,40.954,-124.089,62.8,51.1
City of Brawley,2025-10-01,262.0,CA1310001,2025-10-31,Imperial,Colorado River,26928.0,225678000.0,,106.9,,32.982,-115.532,171.5,110.7
City of Calexico,2025-10-01,353.0,CA1310002,2025-09-30,Imperial,Colorado River,40357.0,0.0,,0.0,,32.685,-115.494,171.5,110.7
City of El Centro,2025-10-01,814.0,CA1310004,2025-08-31,Imperial,Colorado River,44158.0,0.0,,0.0,,32.788,-115.556,171.5,110.7
City of Imperial,2025-10-01,1225.0,CA1310006,2025-10-31,Imperial,Colorado River,21233.0,84934000.0,,115.5,,32.846,-115.574,171.5,110.7
Arvin Community Service District,2025-10-01,102.0,CA1510001,2025-10-31,Kern,Tulare Lake,19669.0,65993000.0,,90.5,,35.202,-118.834,108.6,119.7
Bear Valley Community Services District,2025-10-01,155.0,CA1510038,2025-10-31,Kern,Tulare Lake,5592.0,23050000.0,,109.7,,35.18098,-118.74687,108.6,119.7
California City,2025-10-01,378.0,CA1510032,2025-10-31,Kern,South Lahontan,14198.0,66823100.0,,92.4,,35.158,-117.872,109.3,119.7
California Water Service Company Bakersfield,2025-10-01,386.0,"CA1510003,CA1510055",2025-10-31,Kern,Tulare Lake,289300.0,1619008957.0,,108.7,,35.372675,-118.985538,108.6,119.7
California Water Service Company Kern River Valley,2025-10-01,397.0,"CA1500407,CA1510026,CA1510033,CA1510039,CA1510043,CA1510049,CA1510056",2025-10-31,Kern,Tulare Lake,5556.0,18550290.0,,69.0,,35.754,-118.423,108.6,119.7
City of Bakersfield,2025-10-01,123.0,CA1510031,2025-09-30,Kern,Tulare Lake,158260.0,0.0,,0.0,,35.331,-119.116,108.6,119.7
City of Delano,2025-10-01,711.0,CA1510005,2025-10-31,Kern,Tulare Lake,51428.0,215603000.0,,79.9,,35.763,-119.245,108.6,119.7
City of Shafter,2025-10-01,2260.0,CA1510019,2025-10-31,Kern,Tulare Lake,21036.0,117754000.0,,122.7,,35.488,-119.231,108.6,119.7
City of Tehachapi,2025-10-01,2451.0,CA1510020,2025-10-31,Kern,Tulare Lake,9094.0,48123001.0,,92.0,,35.127,-118.472,108.6,119.7
City of Wasco,2025-10-01,2662.0,CA1510021,2025-10-31,Kern,Tulare Lake,22652.0,89300000.0,,79.7,,35.594,-119.367,108.6,119.7
East Niles Community Services District,2025-10-01,784.0,CA1510006,2025-10-31,Kern,Tulare Lake,32517.0,233482806.0,,153.7,,35.37,-118.923,108.6,119.7
Greenfield County Water District,2025-10-01,1094.0,CA1510024,2025-10-31,Kern,Tulare Lake,11590.0,73984342.0,,156.2,,35.276119,-119.010861,108.6,119.7
Indian Wells Valley Water District,2025-10-01,1234.0,CA1510017,2025-10-31,Kern,South Lahontan,31024.0,146958200.0,,132.6,,35.616,-117.693,109.3,119.7
Lamont Public Utility District,2025-10-01,1371.0,CA1510012,2025-10-31,Kern,Tulare Lake,19057.0,88361500.0,,75.5,,35.249,-118.917,108.6,119.7
Oildale Mutual Water Company,2025-10-01,1782.0,CA1510015,2022-12-31,Kern,Tulare Lake,39756.0,0.0,,0.0,,35.438,-119.064,108.6,119.7
Rosamond Community Service District,2025-10-01,2107.0,CA1510018,2025-10-31,Kern,South Lahontan,17711.0,81793186.0,,118.5,,34.866,-118.186,109.3,119.7
Vaughn Water Company,2025-10-01,2626.0,CA1510029,2025-10-31,Kern,Tulare Lake,37075.0,347153228.0,,290.8,,35.388,-119.189,108.6,119.7
West Kern Water District,2025-10-01,2679.0,CA1510022,2025-10-31,Kern,Tulare Lake,20500.0,314689754.0,,130.6,,35.193,-119.475,108.6,119.7
City of Corcoran,2025-10-01,618.0,CA1610004,2025-10-31,Kings,Tulare Lake,21835.0,128550000.0,,78.9,,36.095,-119.569,108.6,99.9
City of Hanford,2025-10-01,1125.0,CA1610003,2025-10-31,Kings,Tulare Lake,62127.0,299422767.0,,95.9,,36.325,-119.649,108.6,99.9
City of Lemoore,2025-10-01,1415.0,CA1610005,2025-10-31,Kings,Tulare Lake,27185.0,,Flagged,125.9,,36.296,-119.798,108.6,99.9
City of Susanville,2025-10-01,2432.0,CA1810001,2025-09-30,Lassen,North Lahontan,7811.0,0.0,,0.0,,40.422,-120.651,51.8,
Azusa Light and Water,2025-10-01,117.0,CA1910007,2025-10-31,Los Angeles,South Coast,110044.0,542292069.0,,76.4,,34.117,-117.913,82.2,72.9
Bellflower - Somerset Mutual Water Company,2025-10-01,170.0,CA1910013,2025-10-31,Los Angeles,South Coast,46300.0,127687973.0,,57.6,,33.883349,-118.125386,82.2,72.9
California American Water Company - Los Angeles Division,2025-10-01,368.0,"CA1910052,CA1910139,CA1910186",2025-10-31,Los Angeles,South Coast,92241.0,483148457.0,,125.2,,34.135,-117.963,82.2,72.9
California Water Service Company Dominguez,2025-10-01,391.0,CA1910033,2025-10-31,Los Angeles,South Coast,143632.0,645971821.0,,60.9,,33.839,-118.271,82.2,72.9
California Water Service Company East Los Angeles,2025-10-01,392.0,CA1910036,2025-10-31,Los Angeles,South Coast,152217.0,372440637.0,,39.0,,34.033,-118.169,82.2,72.9
California Water Service Company Hermosa/Redondo,2025-10-01,396.0,CA1910134,2025-10-31,Los Angeles,South Coast,96708.0,275210000.0,,63.7,,33.852,-118.382,82.2,72.9
California Water Service Company Palos Verdes,2025-10-01,413.0,CA1910104,2025-10-31,Los Angeles,South Coast,71202.0,433323090.0,,153.5,,33.766,-118.366,82.2,72.9
City of Alhambra,2025-10-01,30.0,CA1910001,2025-10-31,Los Angeles,South Coast,83750.0,207651755.0,,83.5,,34.084,-118.136,82.2,72.9
City of Arcadia,2025-10-01,93.0,CA1910003,2025-10-31,Los Angeles,South Coast,45764.0,104428723.0,,198.7,,34.135,-118.038,82.2,72.9
City of Beverly Hills,2025-10-01,193.0,CA1910156,2025-10-31,Los Angeles,South Coast,40856.0,274122816.0,,140.5,,34.079,-118.4,82.2,72.9
City of Burbank,2025-10-01,285.0,CA1910179,2025-10-31,Los Angeles,South Coast,104535.0,,Flagged,94.1,,34.188,-118.323,82.2,72.9
City of Cerritos,2025-10-01,524.0,CA1910019,2025-10-31,Los Angeles,South Coast,47475.0,183904932.0,,117.1,,33.868,-118.068,82.2,72.9
City of Compton,2025-10-01,607.0,CA1910026,2025-10-31,Los Angeles,South Coast,74877.0,,Flagged,55.0,,33.896,-118.225,82.2,72.9
City of Covina,2025-10-01,644.0,CA1910127,2025-09-30,Los Angeles,South Coast,33300.0,0.0,,0.0,,34.085,-117.878,82.2,72.9
City of Downey,2025-10-01,748.0,CA1910034,2025-10-31,Los Angeles,South Coast,109934.0,379974851.0,,80.6,,33.944,-118.131,82.2,72.9
City of El Monte,2025-10-01,821.0,CA1910038,2025-10-31,Los Angeles,South Coast,22968.0,51448000.0,,37.1,,34.073,-118.039,82.2,72.9
City of El Segundo,2025-10-01,827.0,CA1910040,2025-10-31,Los Angeles,South Coast,16898.0,,Flagged,75.2,,33.917,-118.402,82.2,72.9
City of Glendale,2025-10-01,1004.0,CA1910043,2025-10-31,Los Angeles,South Coast,188784.0,614634670.0,,61.7,,34.18,-118.247,82.2,72.9
City of Glendora,2025-10-01,1005.0,CA1910044,2025-10-31,Los Angeles,South Coast,52558.0,273221441.0,,197.0,,34.135,-117.85,82.2,72.9
City of Hawthorne,2025-10-01,1142.0,CA1910047,2025-10-31,Los Angeles,South Coast,44729.0,109499503.0,,52.9,,33.917,-118.347,82.2,72.9
City of Huntington Park,2025-10-01,1217.0,CA1910049,2024-02-29,Los Angeles,South Coast,15275.0,,Flagged,0.0,,33.979,-118.218,82.2,72.9
City of Inglewood,2025-10-01,1238.0,CA1910051,2025-10-31,Los Angeles,South Coast,80824.0,226666843.0,,66.0,,33.96,-118.345,82.2,72.9
City of La Verne,2025-10-01,1333.0,CA1910062,2025-10-31,Los Angeles,South Coast,32206.0,182697119.0,,177.3,,34.128,-117.762,82.2,72.9
City of Lakewood,2025-10-01,1370.0,CA1910239,2025-10-31,Los Angeles,South Coast,63083.0,181534850.0,,80.8,,33.848,-118.131,82.2,72.9
City of Lomita,2025-10-01,1456.0,CA1910073,2025-10-31,Los Angeles,South Coast,20256.0,56173454.0,,69.9,,33.795,-118.318,82.2,72.9
City of Long Beach,2025-10-01,1464.0,CA1910065,2025-10-31,Los Angeles,South Coast,458222.0,1257383248.0,,67.6,,33.804,-118.163,82.2,72.9
City of Lynwood,2025-10-01,1506.0,CA1910079,2025-10-31,Los Angeles,South Coast,66967.0,135061981.0,,34.6,,33.925,-118.202,82.2,72.9
City of Manhattan Beach,2025-10-01,1536.0,CA1910083,2025-10-31,Los Angeles,South Coast,33673.0,,Flagged,72.3,,33.889,-118.397,82.2,72.9
City of Monrovia,2025-10-01,1639.0,CA1910090,2025-10-31,Los Angeles,South Coast,37931.0,182190728.0,,138.7,,34.166,-117.992,82.2,72.9
City of Monterey Park,2025-10-01,1650.0,CA1910092,2025-10-31,Los Angeles,South Coast,62183.0,186278000.0,,52.9,,34.05,-118.132,82.2,72.9
City of Norwalk,2025-10-01,1756.0,CA1910191,2025-05-31,Los Angeles,South Coast,17790.0,0.0,,0.0,,33.906,-118.078,82.2,72.9
City of Paramount,2025-10-01,1866.0,CA1910105,2025-10-31,Los Angeles,South Coast,55200.0,145156845.0,,78.9,,33.896,-118.166,82.2,72.9
City of Pasadena,2025-10-01,1873.0,CA1910124,2025-10-31,Los Angeles,South Coast,161162.0,741284951.0,,115.1,,34.158,-118.134,82.2,72.9
City of Pico Rivera,2025-10-01,1899.0,CA1910042,2025-10-31,Los Angeles,South Coast,40600.0,108827717.0,,55.4,,33.996,-118.088,82.2,72.9
City of Pomona,2025-10-01,1945.0,CA1910126,2025-10-31,Los Angeles,South Coast,151713.0,505865417.0,,86.1,,34.058,-117.76,82.2,72.9
City of San Fernando,2025-10-01,2163.0,CA1910143,2025-10-31,Los Angeles,South Coast,23946.0,71719805.0,,60.5,,34.289,-118.436,82.2,72.9
City of Santa Fe Springs,2025-10-01,2215.0,CA1910245,2025-10-31,Los Angeles,South Coast,19219.0,,Flagged,111.2,,33.933,-118.066,82.2,72.9
City of Santa Monica,2025-10-01,2220.0,CA1910146,2025-10-31,Los Angeles,South Coast,89947.0,334106293.0,,64.0,,34.023,-118.482,82.2,72.9
City of Sierra Madre,2025-10-01,2290.0,CA1910148,2025-10-31,Los Angeles,South Coast,11000.0,,Flagged,147.5,,34.169,-118.05,82.2,72.9
City of Signal Hill,2025-10-01,2298.0,CA1910149,2025-10-31,Los Angeles,South Coast,11795.0,49887846.0,,61.8,,33.803,-118.168,82.2,72.9
City of South Gate,2025-10-01,2341.0,CA1910152,2025-10-31,Los Angeles,South Coast,76443.0,218153969.0,,61.5,,33.948,-118.198,82.2,72.9
City of South Pasadena,2025-10-01,2345.0,CA1910154,2025-10-31,Los Angeles,South Coast,25329.0,93791753.0,,184.3,,34.11,-118.157,82.2,72.9
City of Torrance,2025-10-01,2487.0,CA1910213,2025-10-31,Los Angeles,South Coast,106183.0,506796060.0,,79.9,,33.835,-118.335,82.2,72.9
City of Vernon,2025-10-01,2633.0,CA1910167,2022-12-31,Los Angeles,South Coast,112.0,0.0,,0.0,,34.003,-118.214,82.2,72.9
City of Whittier,2025-10-01,2723.0,CA1910173,2025-10-31,Los Angeles,South Coast,49954.0,190013511.0,,103.1,,33.982,-118.038,82.2,72.9
Crescenta Valley Community Water District,2025-10-01,651.0,CA1910028,2025-10-31,Los Angeles,South Coast,35841.0,100427023.0,,71.0,,34.227,-118.239,82.2,72.9
Golden State Water Company - Artesia,2025-10-01,1029.0,CA1910004,2025-10-31,Los Angeles,South Coast,50355.0,123783889.0,,38.1,,33.847,-118.078,82.2,72.9
Golden State Water Company - Bell-Bell Gardens,2025-10-01,1032.0,CA1910011,2025-09-30,Los Angeles,South Coast,54696.0,0.0,,0.0,,33.969,-118.171,82.2,72.9
Golden State Water Company - Claremont,2025-10-01,1034.0,CA1910024,2025-10-31,Los Angeles,South Coast,39566.0,239803727.0,,131.1,,34.114,-117.717,82.2,72.9
Golden State Water Company - Culver City,2025-10-01,1038.0,CA1910030,2025-10-31,Los Angeles,South Coast,38025.0,130847012.0,,34.5,,34.006,-118.394,82.2,72.9
Golden State Water Company - Florence Graham,2025-10-01,1041.0,CA1910077,2025-09-30,Los Angeles,South Coast,63142.0,0.0,,0.0,,33.969,-118.244,82.2,72.9
Golden State Water Company - Norwalk,2025-10-01,1049.0,CA1910098,2025-10-31,Los Angeles,South Coast,43133.0,126443978.0,,44.1,,33.922,-118.068,82.2,72.9
Golden State Water Company - San Dimas,2025-10-01,1054.0,CA1910142,2025-10-31,Los Angeles,South Coast,56512.0,280011042.0,,101.8,,34.098,-117.824,82.2,72.9
Golden State Water Company - South Arcadia,2025-10-01,1058.0,CA1910212,2025-10-31,Los Angeles,South Coast,26803.0,82697897.0,,79.1,,34.104,-118.03,82.2,72.9
Golden State Water Company - South San Gabriel,2025-10-01,1059.0,CA1910223,2025-10-31,Los Angeles,South Coast,26074.0,,Flagged,51.0,,34.062,-118.099,82.2,72.9
Golden State Water Company - Southwest,2025-10-01,1060.0,CA1910155,2025-10-31,Los Angeles,South Coast,277856.0,684513958.0,,53.0,,33.906,-118.315,82.2,72.9
Las Virgenes Municipal Water District,2025-10-01,1384.0,CA1910225,2025-10-31,Los Angeles,South Coast,72602.0,445079881.0,,178.5,,34.111,-118.751,82.2,72.9
Liberty Utilities (Park Water) Corp,2025-10-01,1869.0,"CA1910021,CA1910161,CA1910211",2025-10-31,Los Angeles,South Coast,122269.0,258021856.0,,49.2,,33.913,-118.139,82.2,72.9
Lincoln Avenue Water Company,2025-10-01,1425.0,CA1910063,2025-10-31,Los Angeles,South Coast,16126.0,40131809.0,,43.1,,34.201,-118.152,82.2,72.9
Los Angeles City Department of Water And Power,2025-10-01,1473.0,CA1910067,2025-10-31,Los Angeles,South Coast,3806272.0,12513665729.0,,63.9,,34.115,-118.407,82.2,72.9
Los Angeles County Waterworks District 29 - Malibu & Marina Del Rey,2025-10-01,1481.0,CA1910204,2025-10-31,Los Angeles,South Coast,32792.0,207928782.0,,138.7,,33.977,-118.45,82.2,72.9
Los Angeles County Waterworks District 40 - Antelope Valley,2025-10-01,1484.0,"CA1910005,CA1910025,CA1910027,CA1910070,CA1910203",2025-10-31,Los Angeles,South Lahontan,230025.0,1258296446.0,,128.0,,34.614,-117.835,109.3,72.9
Montebello Land And Water Company,2025-10-01,1644.0,CA1910091,2025-10-31,Los Angeles,South Coast,26554.0,91847141.0,,74.6,,34.014,-118.109,82.2,72.9
Orchard Dale Water District,2025-10-01,1804.0,CA1910101,2025-10-31,Los Angeles,South Coast,25000.0,103698822.0,,57.3,,33.933,-118.028,82.2,72.9
Palmdale Water District,2025-10-01,1849.0,CA1910102,2025-10-31,Los Angeles,South Lahontan,126804.0,364501644.0,,98.7,,34.555,-118.075,109.3,72.9
Pico Water District,2025-10-01,1900.0,CA1910125,2025-10-31,Los Angeles,South Coast,22051.0,68269043.0,,69.6,,33.994,-118.086,82.2,72.9
Quartz Hill Water District,2025-10-01,1983.0,CA1910130,2025-10-31,Los Angeles,South Lahontan,19100.0,120278121.0,,196.4,,34.651,-118.215,109.3,72.9
Rowland Water District,2025-10-01,2115.0,CA1910194,2025-09-30,Los Angeles,South Coast,54660.0,0.0,,0.0,,33.98,-117.908,82.2,72.9
Rubio Canyon Land And Water Association,2025-10-01,2119.0,CA1910140,2025-10-31,Los Angeles,South Coast,9600.0,32146505.0,,81.5,,34.189,-118.128,82.2,72.9
San Gabriel County Water District,2025-10-01,2165.0,CA1910144,2025-10-31,Los Angeles,South Coast,39345.0,128766540.0,,73.3,,34.092,-118.094,82.2,72.9
San Gabriel Valley Water Company,2025-10-01,2167.0,"CA1910039,CA1910189",2025-10-31,Los Angeles,South Coast,255300.0,,Flagged,58.3,,34.035591,-118.089123,82.2,72.9
Santa Clarita Valley Water Agency,2025-10-01,4993.0,"CA1910017,CA1910096,CA1910240,CA1910247,CA1910250,CA1910255",2025-06-30,Los Angeles,South Coast,108813.0,,Flagged,0.0,,34.40717733333334,-118.53662533333332,82.2,72.9
Suburban Water Systems - San Jose Hills,2025-10-01,2401.0,"CA1910046,CA1910200,CA1910205",2025-10-31,Los Angeles,South Coast,175529.0,500021618.0,,21.9,,34.047271,-117.93245,82.2,72.9
Suburban Water Systems - Whittier/La Mirada,2025-10-01,2402.0,"CA1910059,CA1910174",2025-10-31,Los Angeles,South Coast,122838.0,459961496.0,,20.9,,33.904,-118.009,82.2,72.9
Sunny Slope Water Company,2025-10-01,2419.0,CA1910157,2025-10-31,Los Angeles,South Coast,25252.0,93463113.0,,105.5,,34.104,-118.08,82.2,72.9
Valley County Water District,2025-10-01,2605.0,CA1910009,2025-10-31,Los Angeles,South Coast,68871.0,170897531.0,,56.4,,34.099,-117.959,82.2,72.9
Valley Water Company,2025-10-01,2618.0,CA1910166,2025-10-31,Los Angeles,South Coast,10070.0,92202799.0,,256.6,,34.196,-118.195,82.2,72.9
Walnut Valley Water District,2025-10-01,2661.0,CA1910234,2025-10-31,Los Angeles,South Coast,100941.0,421043121.0,,106.0,,34.008,-117.835,82.2,72.9
City of Chowchilla,2025-10-01,2979.0,CA2010001,2025-10-31,Madera,San Joaquin River,13576.0,,Flagged,166.6,,37.118,-120.25,103.3,97.8
City of Madera,2025-10-01,1510.0,CA2010002,2025-10-31,Madera,San Joaquin River,65074.0,241837000.0,,83.4,,36.965,-120.076,103.3,97.8
Marin Municipal Water District,2025-10-01,1546.0,CA2110002,2025-10-31,Marin,San Francisco Bay,186895.0,576020000.0,,98.1,,37.953,-122.547,66.1,91.8
North Marin Water District,2025-10-01,1748.0,CA2110003,2025-10-31,Marin,San Francisco Bay,61683.0,182197704.0,,72.7,,38.114,-122.659,66.1,91.8
City of Ukiah,2025-10-01,2536.0,CA2310003,2025-08-31,Mendocino,North Coast,16607.0,0.0,,0.0,,39.148,-123.211,62.8,
City of Atwater,2025-10-01,110.0,CA2410001,2025-10-31,Merced,San Joaquin River,29479.0,182200328.0,,138.8,,37.353,-120.6,103.3,139.4
City of Livingston,2025-10-01,1444.0,CA2410004,2025-10-31,Merced,San Joaquin River,14894.0,208237587.0,,94.3,,37.388,-120.724,103.3,139.4
City of Los Banos,2025-10-01,1487.0,CA2410005,2025-10-31,Merced,San Joaquin River,47347.0,209468000.0,,97.9,,37.067074,-120.836519,103.3,139.4
City of Merced,2025-10-01,1589.0,CA2410009,2025-10-31,Merced,San Joaquin River,92058.0,503383981.0,,168.2,,37.307,-120.477,103.3,139.4
Mammoth Community Water District,2025-10-01,1533.0,CA2610001,2025-10-31,Mono,South Lahontan,8234.0,,Flagged,75.5,,37.643,-118.976,109.3,75.5
Alco Water Service,2025-10-01,25.0,CA2710001,2025-10-31,Monterey,Central Coast,30142.0,107501000.0,,89.1,,36.713,-121.615,64.9,62.5
California American Water Company - Monterey District,2025-10-01,369.0,"CA2701202,CA2701257,CA2702004,CA2710004,CA2710006,CA2710021,CA2710022",2025-10-31,Monterey,Central Coast,96866.0,270212659.0,,60.1,,36.564,-121.905,64.9,62.5
California Water Service Company Salinas District,2025-10-01,417.0,"CA2701929,CA2710010,CA2710012,CA2710013,CA2710019",2025-10-31,Monterey,Central Coast,123607.0,462900456.0,,57.9,,36.666,-121.651,64.9,62.5
City of Greenfield,2025-10-01,1093.0,CA2710008,2025-10-31,Monterey,Central Coast,18967.0,52366000.0,,58.5,,36.322,-121.253,64.9,62.5
City of Soledad,2025-10-01,2323.0,CA2710011,2025-10-31,Monterey,Central Coast,18648.0,57758900.0,,70.7,,36.431,-121.322,64.9,62.5
Marina Coast Water District,2025-10-01,1547.0,CA2710017,2025-10-31,Monterey,Central Coast,36987.0,106490556.0,,60.1,,36.632,-121.772,64.9,62.5
City of American Canyon,2025-10-01,57.0,CA2810005,2025-10-31,Napa,San Francisco Bay,20990.0,58649220.0,,60.1,,38.197,-122.251,66.1,60.1
City of Napa,2025-10-01,1701.0,CA2810003,2025-08-31,Napa,San Francisco Bay,85005.0,0.0,,0.0,,38.302,-122.307,66.1,60.1
Nevada Irrigation District,2025-10-01,1718.0,"CA2910004,CA2910006,CA2910014,CA2910023,CA3110026,CA5810005",2025-10-31,Nevada,Sacramento River,54196.0,,Flagged,135.6,,39.034,-121.06,115.8,97.2
Truckee - Donner Public Utilities District,2025-10-01,2512.0,CA2910003,2025-10-31,Nevada,North Lahontan,36730.0,84394138.0,,40.5,,39.344,-120.202,51.8,97.2
City of Anaheim,2025-10-01,64.0,CA3010001,2025-10-31,Orange,South Coast,337159.0,1496666228.0,,97.2,,33.838,-117.859,82.2,87.6
City of Brea,2025-10-01,263.0,CA3010002,2025-10-31,Orange,South Coast,47589.0,267559515.0,,86.3,,33.925,-117.865,82.2,87.6
City of Buena Park,2025-10-01,283.0,CA3010003,2025-10-31,Orange,South Coast,81998.0,356836861.0,,74.7,,33.857,-118.005,82.2,87.6
City of Fountain Valley,2025-10-01,924.0,CA3010069,2025-10-31,Orange,South Coast,56747.0,235720613.0,,73.6,,33.71,-117.951,82.2,87.6
City of Fullerton,2025-10-01,967.0,CA3010010,2025-10-31,Orange,South Coast,141874.0,625697500.0,,134.9,,33.884,-117.928,82.2,87.6
City of Garden Grove,2025-10-01,977.0,CA3010062,2025-10-31,Orange,South Coast,174226.0,577423258.0,,43.4,,33.779,-117.96,82.2,87.6
City of Huntington Beach,2025-10-01,1215.0,CA3010053,2025-10-31,Orange,South Coast,201000.0,706282042.0,,87.7,,33.695,-118.002,82.2,87.6
City of La Habra,2025-10-01,1324.0,CA3010018,2025-10-31,Orange,South Coast,63118.0,229003117.0,,93.9,,33.928,-117.951,82.2,87.6
City of La Palma,2025-10-01,1327.0,CA3010100,2025-10-31,Orange,South Coast,15948.0,,Flagged,89.0,,33.85,-118.054,82.2,87.6
City of Newport Beach,2025-10-01,1730.0,CA3010023,2025-10-31,Orange,South Coast,68572.0,365454931.0,,98.5,,33.61386,-117.85718,82.2,87.6
City of Orange,2025-10-01,1797.0,CA3010027,2025-10-31,Orange,South Coast,117150.0,,Flagged,149.0,,33.806,-117.83,82.2,87.6
City of San Clemente,2025-10-01,2159.0,CA3010036,2025-10-31,Orange,South Coast,51545.0,185673158.0,,90.4,,33.444,-117.615,82.2,87.6
City of San Juan Capistrano,2025-10-01,2177.0,CA3010030,2025-10-31,Orange,South Coast,38347.0,193855277.0,,100.9,,33.499,-117.655,82.2,87.6
City of Santa Ana,2025-10-01,2207.0,CA3010038,2025-10-31,Orange,South Coast,308189.0,912677098.0,,66.0,,33.737,-117.882,82.2,87.6
City of Seal Beach,2025-10-01,2241.0,CA3010041,2025-10-31,Orange,South Coast,24937.0,103183978.0,,41.1,,33.754,-118.072,82.2,87.6
City of Tustin,2025-10-01,2528.0,CA3010046,2025-10-31,Orange,South Coast,66600.0,285719831.0,,108.9,,33.747,-117.815,82.2,87.6
City of Westminster,2025-10-01,2704.0,CA3010064,2025-10-31,Orange,South Coast,95256.0,304931366.0,,67.6,,33.752,-117.994,82.2,87.6
El Toro Water District,2025-10-01,830.0,CA3010079,2025-10-31,Orange,South Coast,47911.0,164903416.0,,82.4,,33.615,-117.711,82.2,87.6
Golden State Water Company - Placentia,2025-10-01,1053.0,CA3010035,2025-10-31,Orange,South Coast,50196.0,179924460.0,,79.2,,33.88,-117.86,82.2,87.6
Golden State Water Company - West Orange,2025-10-01,1062.0,CA3010022,2025-10-31,Orange,South Coast,114185.0,369590052.0,,67.9,,33.806,-118.038,82.2,87.6
Irvine Ranch Water District,2025-10-01,1245.0,CA3010092,2025-10-31,Orange,South Coast,433652.0,1558649605.0,,71.5,,33.704,-117.737,82.2,87.6
Laguna Beach County Water District,2025-10-01,1335.0,CA3010017,2025-10-31,Orange,South Coast,18404.0,86578611.0,,103.7,,33.555,-117.769,82.2,87.6
Mesa Water District,2025-10-01,1596.0,CA3010004,2025-10-31,Orange,South Coast,110000.0,434673983.0,,75.6,,33.666,-117.913,82.2,87.6
Moulton Niguel Water District,2025-10-01,1663.0,CA3010073,2025-10-31,Orange,South Coast,170236.0,633338015.0,,102.1,,33.557,-117.704,82.2,87.6
Santa Margarita Water District,2025-10-01,2217.0,CA3010101,2025-10-31,Orange,South Coast,166600.0,637625237.0,,93.0,,33.558,-117.584,82.2,87.6
South Coast Water District,2025-10-01,2334.0,CA3010042,2025-10-31,Orange,South Coast,40937.0,,Flagged,85.8,,33.493,-117.726,82.2,87.6
Trabuco Canyon Water District,2025-10-01,2490.0,CA3010094,2025-10-31,Orange,South Coast,13659.0,47600314.0,,105.1,,33.669,-117.591,82.2,87.6
Yorba Linda Water District,2025-10-01,2782.0,CA3010037,2025-10-31,Orange,South Coast,84140.0,479189964.0,,161.4,,33.89,-117.777,82.2,87.6
City of Lincoln,2025-10-01,1424.0,CA3110004,2025-10-31,Placer,Sacramento River,51252.0,218240000.0,,126.6,,38.876,-121.293,115.8,120.1
City of Roseville,2025-10-01,2111.0,CA3110008,2025-10-31,Placer,Sacramento River,149779.0,759134802.0,,118.6,,38.762,-121.292,115.8,120.1
North Tahoe Public Utilities District,2025-10-01,1752.0,"CA3110001,CA3110023,CA3110036",2025-10-31,Placer,North Lahontan,7352.0,22859191.0,,74.2,,39.237,-120.052,51.8,120.1
Placer County Water Agency,2025-10-01,1927.0,"CA3110005,CA3110006,CA3110024,CA3110025,CA3110040,CA3110050,CA3110124",2025-10-31,Placer,Sacramento River,121081.0,677228668.0,,124.1,,38.811,-121.206,115.8,120.1
Tahoe City Public Utilities District,2025-10-01,2444.0,"CA0910012,CA3100029,CA3110010,CA3110011,CA3110013,CA3110043,CA3110044",2025-10-31,Placer,North Lahontan,7609.0,28414198.0,,84.9,,39.12,-120.154,51.8,120.1
Beaumont - Cherry Valley Water District,2025-10-01,159.0,CA3310002,2025-10-31,Riverside,South Coast,49241.0,370619669.0,,174.9,,33.966,-116.971,82.2,124.2
City of Banning,2025-10-01,129.0,CA3310006,2025-05-31,Riverside,Colorado River,31179.0,0.0,,0.0,,33.946,-116.899,171.5,124.2
City of Blythe,2025-10-01,241.0,CA3310003,2025-10-31,Riverside,Colorado River,9874.0,60320571.0,,116.4,,33.611,-114.584,171.5,124.2
City of Coachella,2025-10-01,575.0,CA3310007,2025-10-31,Riverside,Colorado River,42835.0,206002000.0,,97.5,,33.681,-116.158,171.5,124.2
City of Corona,2025-10-01,624.0,CA3310037,2025-10-31,Riverside,South Coast,168575.0,1187761763.0,,122.3,,33.86,-117.565,82.2,124.2
City of Hemet,2025-10-01,1157.0,CA3310016,2025-10-31,Riverside,South Coast,33828.0,111647306.0,,67.8,,33.742,-116.983,82.2,124.2
City of Indio,2025-10-01,1236.0,CA3310020,2025-10-31,Riverside,Colorado River,83486.0,572077375.0,,150.5,,33.72,-116.228,171.5,124.2
City of Norco,2025-10-01,1732.0,CA3310025,2025-06-30,Riverside,South Coast,24909.0,0.0,,0.0,,33.926,-117.552,82.2,124.2
City of Riverside,2025-10-01,2083.0,CA3310031,2025-10-31,Riverside,South Coast,298398.0,1968980736.0,,111.0,,33.941,-117.408,82.2,124.2
City of San Jacinto,2025-10-01,2169.0,CA3310032,2025-09-30,Riverside,South Coast,18950.0,0.0,,0.0,,33.787,-116.962,82.2,124.2
Coachella Valley Water District,2025-10-01,577.0,"CA3310001,CA3310048",2025-10-31,Riverside,Colorado River,274600.0,2592926747.0,,195.7,,33.638,-116.208,171.5,124.2
Desert Water Agency,2025-10-01,727.0,CA3310005,2025-10-31,Riverside,Colorado River,74025.0,994521818.0,,286.4,,33.837,-116.576,171.5,124.2
Eastern Municipal Water District,2025-10-01,794.0,CA3310009,2025-10-31,Riverside,South Coast,651058.0,2439699207.0,,85.3,,33.731,-117.1,82.2,124.2
Elsinore Valley Municipal Water District,2025-10-01,842.0,CA3310012,2025-10-31,Riverside,South Coast,165586.0,568436642.0,,99.7,,33.670796,-117.32168,82.2,124.2
Jurupa Community Service District,2025-10-01,1273.0,CA3310021,2025-10-31,Riverside,South Coast,134049.0,757434458.0,,90.4,,33.992,-117.516,82.2,124.2
Lake Hemet Municipal Water District,2025-10-01,1352.0,CA3310022,2025-10-31,Riverside,South Coast,52913.0,217714639.0,,101.5,,33.739,-116.911,82.2,124.2
Mission Springs Water District,2025-10-01,1626.0,"CA3310008,CA3310078,CA3310081",2025-10-31,Riverside,Colorado River,44103.0,219828172.0,,112.2,,33.972,-116.6,171.5,124.2
Myoma Dunes Mutual Water Company,2025-10-01,1697.0,CA3310051,2025-10-31,Riverside,Colorado River,9445.0,119500000.0,,281.0,,33.743,-116.284,171.5,124.2
Rancho California Water District,2025-10-01,2000.0,CA3310038,2025-10-31,Riverside,South Coast,144088.0,912856239.0,,168.1,,33.512,-117.163,82.2,124.2
Rubidoux Community Service District,2025-10-01,2118.0,CA3310044,2025-10-31,Riverside,South Coast,36827.0,128772000.0,,83.8,,34.001,-117.408,82.2,124.2
Temescal Valley Water District,2025-10-01,1408.0,CA3310074,2025-10-31,Riverside,South Coast,21153.0,101942631.0,,126.7,,33.769,-117.486,82.2,124.2
Western Municipal Water District of Riverside,2025-10-01,2697.0,"CA3310036,CA3310049,CA3310076",2025-10-31,Riverside,South Coast,101478.0,668013082.0,,127.8,,33.785,-117.389,82.2,124.2
California American Water Company - Sacramento District,2025-10-01,372.0,"CA3110150,CA3410010,CA3410012,CA3410013,CA3410017,CA3410031,CA3410045,CA3410047,CA5700712,CA3410023",2025-10-31,Sacramento,Sacramento River,215697.0,729040000.0,,95.6,,38.694,-121.318,115.8,110.8
Carmichael Water District,2025-10-01,481.0,CA3410004,2025-10-31,Sacramento,Sacramento River,41193.0,194219000.0,,128.4,,38.624,-121.323,115.8,110.8
Citrus Heights Water District,2025-10-01,561.0,CA3410006,2025-10-31,Sacramento,Sacramento River,67758.0,259527287.0,,140.8,,38.694,-121.27,115.8,110.8
City of Folsom,2025-10-01,904.0,"CA3410014,CA3410030",2025-10-31,Sacramento,Sacramento River,79266.0,478977204.0,,102.5,,38.646,-121.168,115.8,110.8
City of Galt,2025-10-01,972.0,CA3410011,2025-10-31,Sacramento,Sacramento River,26536.0,106457580.0,,149.5,,38.267,-121.297,115.8,110.8
City of Sacramento,2025-10-01,2130.0,CA3410020,2025-10-31,Sacramento,Sacramento River,520746.0,2003300000.0,,97.0,,38.565,-121.468,115.8,110.8
Elk Grove Water District,2025-10-01,835.0,CA3410008,2025-10-31,Sacramento,Sacramento River,43551.0,182945463.0,,119.3,,38.418,-121.354,115.8,110.8
Fair Oaks Water District,2025-10-01,866.0,CA3410009,2025-10-31,Sacramento,Sacramento River,36226.0,228063115.0,,168.6,,38.654,-121.25,115.8,110.8
Golden State Water Company - Cordova,2025-10-01,1036.0,CA3410015,2025-10-31,Sacramento,Sacramento River,47106.0,316718484.0,,119.1,,38.605,-121.275,115.8,110.8
Orangevale Water Company,2025-10-01,1803.0,CA3410016,2025-10-31,Sacramento,Sacramento River,16861.0,90728225.0,,143.0,,38.685,-121.221,115.8,110.8
Rio Linda - Elverta Community Water District,2025-10-01,2060.0,CA3410018,2025-10-31,Sacramento,Sacramento River,15404.0,55253845.0,,90.1,,38.688,-121.442,115.8,110.8
Sacramento County Water Agency,2025-10-01,2132.0,"CA3400101,CA3400106,CA3400156,CA3410002,CA3410029,CA3410704",2025-10-31,Sacramento,Sacramento River,218943.0,898654639.0,,103.3,,38.498,-121.306,115.8,110.8
Sacramento Suburban Water District,2025-10-01,2140.0,CA3410001,2025-10-31,Sacramento,Sacramento River,194444.0,750652000.0,,93.9,,38.65,-121.362,115.8,110.8
San Juan Water District,2025-10-01,2179.0,CA3410021,2025-10-31,Sacramento,Sacramento River,28971.0,309398783.0,,427.9,,38.73,-121.195,115.8,110.8
City of Hollister,2025-10-01,1188.0,CA3510001,2025-10-31,San Benito,Central Coast,25941.0,91411848.0,,77.3,,36.861,-121.405,64.9,85.2
Sunnyslope County Water District,2025-10-01,2424.0,CA3510003,2025-10-31,San Benito,Central Coast,24750.0,78390449.0,,93.5,,36.834,-121.368,64.9,85.2
Apple Valley Ranchos Water Company,2025-10-01,87.0,CA3610003,2025-10-31,San Bernardino,South Lahontan,62890.0,268300869.0,,100.3,,34.505142,-117.218285,109.3,114.0
Big Bear Community Services District,2025-10-01,197.0,CA3610008,2025-10-31,San Bernardino,South Coast,12738.0,24402981.0,,72.4,,34.253,-116.827,82.2,114.0
City of Adelanto,2025-10-01,13.0,CA3610001,2025-10-31,San Bernardino,South Lahontan,39930.0,126967000.0,,59.5,,34.582,-117.419,109.3,114.0
City of Big Bear Lake,2025-10-01,198.0,"CA3600283,CA3610022,CA3610044",2025-10-31,San Bernardino,South Coast,27570.0,46608143.0,,37.7,,34.244,-116.878,82.2,114.0
City of Chino,2025-10-01,545.0,CA3610012,2025-10-31,San Bernardino,South Coast,86435.0,412159234.0,,87.7,,34.002,-117.681,82.2,114.0
City of Chino Hills,2025-10-01,547.0,CA3610036,2025-10-31,San Bernardino,South Coast,77058.0,333221750.0,,114.1,,33.95,-117.725,82.2,114.0
City of Colton,2025-10-01,596.0,CA3610014,2025-09-30,San Bernardino,South Coast,46525.0,0.0,,0.0,,34.052,-117.32,82.2,114.0
City of Loma Linda,2025-10-01,1452.0,CA3610013,2025-09-30,San Bernardino,South Coast,25129.0,0.0,,0.0,,34.045,-117.251,82.2,114.0
City of Ontario,2025-10-01,1795.0,CA3610034,2025-10-31,San Bernardino,South Coast,185010.0,889924823.0,,89.6,,34.038,-117.608,82.2,114.0
City of Redlands,2025-10-01,2035.0,CA3610037,2025-10-31,San Bernardino,South Coast,78025.0,689570947.0,,296.2,,34.055,-117.169,82.2,114.0
City of Rialto,2025-10-01,2049.0,CA3610038,2025-10-31,San Bernardino,South Coast,54453.0,306672653.0,,95.9,,34.104,-117.377,82.2,114.0
City of San Bernardino,2025-10-01,2150.0,CA3610039,2025-10-31,San Bernardino,South Coast,214665.0,1015156099.0,,94.9,,34.144,-117.307,82.2,114.0
City of Upland,2025-10-01,2541.0,CA3610050,2025-10-31,San Bernardino,South Coast,78376.0,,Flagged,148.2,,34.118,-117.661,82.2,114.0
Crestline Village Water District,2025-10-01,654.0,CA3610015,2025-10-31,San Bernardino,South Lahontan,11650.0,16753096.0,,39.0,,34.242,-117.276,109.3,114.0
Cucamonga Valley Water District,2025-10-01,664.0,CA3610018,2025-10-31,San Bernardino,South Coast,203882.0,1183754400.0,,151.2,,34.126,-117.563,82.2,114.0
East Valley Water District,2025-10-01,793.0,CA3610064,2025-10-31,San Bernardino,South Coast,108686.0,490304553.0,,124.2,,34.126,-117.191,82.2,114.0
Golden State Water Company - Barstow,2025-10-01,1030.0,CA3610043,2025-10-31,San Bernardino,South Lahontan,32661.0,148313280.0,,70.7,,34.889,-117.045,109.3,114.0
Hesperia Water District,2025-10-01,1166.0,CA3610024,2025-10-31,San Bernardino,South Lahontan,100744.0,375138605.0,,95.2,,34.293,-116.934,109.3,114.0
Hi Desert Water District,2025-10-01,1167.0,CA3610073,2025-10-31,San Bernardino,Colorado River,26221.0,75736293.0,,67.8,,34.151,-116.407,171.5,114.0
Joshua Basin Water District,2025-10-01,1270.0,CA3610025,2025-10-31,San Bernardino,Colorado River,7414.0,34100307.0,,88.4,,34.167,-116.281,171.5,114.0
Lake Arrowhead Community Services District,2025-10-01,1343.0,CA3610005,2025-10-31,San Bernardino,South Lahontan,7038.0,31079668.0,,112.4,,34.254,-117.197,109.3,114.0
Monte Vista Water District,2025-10-01,1642.0,CA3610029,2025-10-31,San Bernardino,South Coast,56422.0,216284106.0,,83.7,,34.056,-117.704,82.2,114.0
Phelan Pinon Hills Community Services District,2025-10-01,1896.0,CA3610120,2025-10-31,San Bernardino,South Lahontan,23585.0,75009923.0,,83.8,,34.467,-117.565,109.3,114.0
Riverside Highland Water Company,2025-10-01,2087.0,CA3610057,2025-10-31,San Bernardino,South Coast,18681.0,113416677.0,,393.1,,34.019,-117.308,82.2,114.0
Running Springs Water District,2025-10-01,2122.0,CA3610062,2025-10-31,San Bernardino,South Lahontan,5268.0,10239240.0,,48.6,,34.20757,-117.11768,109.3,114.0
San Bernardino County Service Area 64 Spring Valley Lake,2025-10-01,2154.0,CA3610121,2025-09-30,San Bernardino,South Lahontan,14870.0,0.0,,0.0,,34.493,-117.265,109.3,114.0
San Bernardino County Service Area 70 J Oak Hills,2025-10-01,2891.0,CA3610125,2025-09-30,San Bernardino,South Coast,12784.0,0.0,,0.0,,34.388,-117.405,82.2,114.0
San Gabriel Valley Water Company Fontana Division,2025-10-01,2166.0,CA3610041,2025-10-31,San Bernardino,South Coast,237600.0,,Flagged,83.1,,34.092,-117.465,82.2,114.0
Twentynine Palms Water District,2025-10-01,2530.0,CA3610049,2025-10-31,San Bernardino,Colorado River,18795.0,63934899.0,,71.9,,34.167,-116.09,171.5,114.0
Victorville Water District,2025-10-01,2635.0,CA3610052,2025-10-31,San Bernardino,South Lahontan,124653.0,591599333.0,,125.4,,34.521,-117.368,109.3,114.0
West Valley Water District,2025-10-01,2690.0,CA3610004,2025-10-31,San Bernardino,South Coast,98055.0,658640630.0,,117.9,,34.14319,-117.381899,82.2,114.0
Yucaipa Valley Water District,2025-10-01,2793.0,CA3610055,2025-10-31,San Bernardino,South Coast,52010.0,283907340.0,,141.4,,34.033154,-117.055743,82.2,114.0
California American Water Company - San Diego District,2025-10-01,373.0,CA3710001,2025-10-31,San Diego,South Coast,106000.0,274096000.0,,49.9,,32.605,-117.117,82.2,74.6
Carlsbad Municipal Water District,2025-10-01,478.0,CA3710005,2025-10-31,San Diego,South Coast,93953.0,399134890.0,,90.2,,33.133,-117.293,82.2,74.6
City of Escondido,2025-10-01,851.0,CA3710006,2025-10-31,San Diego,South Coast,137941.0,508249356.0,,77.7,,33.131,-117.058,82.2,74.6
City of Oceanside,2025-10-01,1777.0,CA3710014,2025-10-31,San Diego,South Coast,171063.0,,Flagged,77.4,,33.225,-117.308,82.2,74.6
City of Poway,2025-10-01,1964.0,CA3710015,2025-10-31,San Diego,South Coast,49833.0,219465862.0,,109.0,,32.980922,-117.18453,82.2,74.6
City of San Diego,2025-10-01,2160.0,CA3710020,2025-10-31,San Diego,South Coast,1368395.0,,Flagged,69.4,,32.835,-117.125,82.2,74.6
Fallbrook Public Utility District,2025-10-01,873.0,CA3710008,2025-10-31,San Diego,South Coast,35237.0,,Flagged,111.8,,33.408,-117.263,82.2,74.6
Helix Water District,2025-10-01,1154.0,CA3710010,2025-10-31,San Diego,South Coast,277418.0,,Flagged,73.7,,32.783,-116.971,82.2,74.6
Lakeside Water District,2025-10-01,1368.0,CA3710013,2025-10-31,San Diego,South Coast,35500.0,99661679.0,,75.9,,32.879,-116.924,82.2,74.6
Olivenhain Municipal Water District,2025-10-01,1793.0,CA3710029,2025-10-31,San Diego,South Coast,86441.0,502937984.0,,154.4,,33.046,-117.186,82.2,74.6
Otay Water District,2025-10-01,1821.0,CA3710034,2025-10-31,San Diego,South Coast,240290.0,833803831.0,,68.7,,32.67,-116.925,82.2,74.6
Padre Dam Municipal Water District,2025-10-01,1838.0,CA3710037,2025-10-31,San Diego,South Coast,93217.0,282162757.0,,84.5,,32.838,-116.869,82.2,74.6
Rainbow Municipal Water District,2025-10-01,1990.0,CA3710016,2025-09-30,San Diego,South Coast,23536.0,,Flagged,0.0,,33.342,-117.167,82.2,74.6
Ramona Municipal Water District,2025-10-01,1996.0,CA3710019,2025-10-31,San Diego,South Coast,37047.0,105158307.0,,75.2,,33.021,-116.891,82.2,74.6
Rincon Del Diablo Municipal Water District,2025-10-01,2057.0,"CA3710018,CA3710044",2025-10-31,San Diego,South Coast,32522.0,131806730.0,,100.2,,33.111,-117.111,82.2,74.6
San Dieguito Water District,2025-10-01,2162.0,CA3710021,2025-10-31,San Diego,South Coast,40096.0,154994287.0,,125.0,,33.049,-117.283,82.2,74.6
Santa Fe Irrigation District,2025-10-01,2214.0,CA3710023,2025-09-30,San Diego,South Coast,21578.0,0.0,,0.0,,33.012,-117.22,82.2,74.6
Sweetwater Authority,2025-10-01,2437.0,CA3710025,2025-10-31,San Diego,South Coast,189371.0,489718194.0,,64.0,,32.65,-117.066,82.2,74.6
Vallecitos Water District,2025-10-01,2602.0,CA3710002,2025-10-31,San Diego,South Coast,112000.0,408538950.0,,76.9,,33.145082,-117.167608,82.2,74.6
Valley Center Municipal Water District,2025-10-01,2604.0,CA3710026,2025-10-31,San Diego,South Coast,29938.0,,Flagged,165.1,,33.246,-117.055,82.2,74.6
Vista Irrigation District,2025-10-01,2649.0,CA3710027,2025-10-31,San Diego,South Coast,130583.0,450284553.0,,30.6,,33.20198,-117.235586,82.2,74.6
San Francisco Public Utilities Commission,2025-10-01,2164.0,"CA0110012,CA0110018,CA3810011",2025-10-31,San Francisco,San Francisco Bay,848301.0,1800055140.0,,43.1,,37.755,-122.443,66.1,43.1
California Water Service Company Stockton,2025-10-01,424.0,CA3910001,2025-10-31,San Joaquin,San Joaquin River,175026.0,563730109.0,,61.0,,37.956,-121.283,103.3,100.2
City of Lathrop,2025-10-01,1388.0,CA3910015,2025-10-31,San Joaquin,San Joaquin River,35080.0,164221000.0,,87.2,,37.81,-121.313,103.3,100.2
City of Lodi,2025-10-01,1450.0,CA3910004,2025-10-31,San Joaquin,San Joaquin River,68272.0,318761750.0,,122.9,,38.121,-121.293,103.3,100.2
City of Manteca,2025-10-01,1539.0,CA3910005,2025-10-31,San Joaquin,San Joaquin River,84928.0,395944000.0,,128.1,,37.793,-121.227,103.3,100.2
City of Ripon,2025-10-01,2065.0,CA3910007,2025-10-31,San Joaquin,San Joaquin River,15769.0,106157000.0,,174.5,,37.742,-121.131,103.3,100.2
City of Stockton,2025-10-01,2381.0,CA3910012,2025-10-31,San Joaquin,San Joaquin River,190688.0,851420000.0,,99.3,,37.993,-121.319,103.3,100.2
City of Tracy,2025-10-01,2496.0,CA3910011,2025-10-31,San Joaquin,San Joaquin River,94538.0,489940735.0,,125.9,,37.727,-121.452,103.3,100.2
Mountain House Community Services District,2025-10-01,4231.0,CA3910027,2025-08-31,San Joaquin,San Joaquin River,24235.0,0.0,,0.0,,37.784,-121.542,103.3,100.2
Atascadero Mutual Water Company,2025-10-01,107.0,CA4010002,2025-10-31,San Luis Obispo,Central Coast,30618.0,138454000.0,,116.1,,35.472,-120.682,64.9,76.6
Cambria Community Service District,2025-10-01,445.0,CA4010014,2025-10-31,San Luis Obispo,Central Coast,5532.0,14200587.0,,49.6,,35.564,-121.094,64.9,76.6
City of Arroyo Grande,2025-10-01,99.0,CA4010001,2025-08-31,San Luis Obispo,Central Coast,17963.0,0.0,,0.0,,35.124,-120.585,64.9,76.6
City of Grover Beach,2025-10-01,1110.0,CA4010004,2025-10-31,San Luis Obispo,Central Coast,12701.0,33964033.0,,57.2,,35.12,-120.62,64.9,76.6
City of Morro Bay,2025-10-01,1660.0,CA4010011,2025-10-31,San Luis Obispo,Central Coast,13757.0,34434220.0,,43.7,,35.367753,-120.851817,64.9,76.6
City of Paso Robles,2025-10-01,1875.0,CA4010007,2025-10-31,San Luis Obispo,Central Coast,31176.0,152868000.0,,86.2,,35.639,-120.66,64.9,76.6
City of Pismo Beach,2025-10-01,1923.0,CA4010008,2025-08-31,San Luis Obispo,Central Coast,8036.0,0.0,,0.0,,35.149,-120.65,64.9,76.6
City of San Luis Obispo,2025-10-01,2182.0,CA4010009,2025-10-31,San Luis Obispo,Central Coast,47788.0,,Flagged,60.3,,35.272,-120.666,64.9,76.6
Nipomo Community Service District,2025-10-01,1731.0,CA4010026,2025-10-31,San Luis Obispo,Central Coast,13771.0,,Flagged,85.4,,35.043,-120.505,64.9,76.6
California Water Service Company Bear Gulch,2025-10-01,387.0,CA4110006,2025-10-31,San Mateo,San Francisco Bay,60903.0,318572883.0,,177.8,,37.428,-122.222,66.1,66.5
California Water Service Company Mid Peninsula,2025-10-01,420.0,"CA4110007,CA4110008",2025-10-31,San Mateo,San Francisco Bay,137991.0,355521413.0,,59.6,,37.533,-122.304,66.1,66.5
California Water Service Company South San Francisco,2025-10-01,422.0,CA4110009,2025-10-31,San Mateo,San Francisco Bay,64121.0,172061338.0,,37.9,,37.661,-122.427,66.1,66.5
City of Burlingame,2025-10-01,286.0,CA4110003,2025-10-31,San Mateo,San Francisco Bay,31447.0,106742865.0,,77.4,,37.589,-122.36,66.1,66.5
City of East Palo Alto,2025-10-01,787.0,CA4110024,2025-10-31,San Mateo,San Francisco Bay,29519.0,59200102.0,,38.6,,37.468,-122.138,66.1,66.5
City of Menlo Park,2025-10-01,1587.0,CA4110017,2025-10-31,San Mateo,San Francisco Bay,19297.0,83547459.0,,76.0,,37.461,-122.176,66.1,66.5
City of Millbrae,2025-10-01,1613.0,CA4110018,2025-10-31,San Mateo,San Francisco Bay,22795.0,48865171.0,,69.3,,37.6,-122.403,66.1,66.5
City of San Bruno,2025-10-01,2157.0,CA4110023,2025-10-31,San Mateo,San Francisco Bay,44745.0,77169792.0,,42.7,,37.626,-122.432,66.1,66.5
Coastside County Water District,2025-10-01,583.0,CA4110011,2025-10-31,San Mateo,San Francisco Bay,18839.0,38168383.0,,43.7,,37.472,-122.444,66.1,66.5
Daly City,2025-10-01,673.0,CA4110013,2025-10-31,San Mateo,San Francisco Bay,108599.0,185353446.0,,47.4,,37.685,-122.476,66.1,66.5
Estero Municipal Improvement District,2025-10-01,856.0,CA4110021,2025-10-31,San Mateo,San Francisco Bay,36556.0,93987497.0,,66.8,,37.556,-122.269,66.1,66.5
Hillsborough Town of,2025-10-01,1181.0,CA4110016,2025-09-30,San Mateo,San Francisco Bay,11387.0,0.0,,0.0,,37.557,-122.358,66.1,66.5
Mid-Peninsula Water District,2025-10-01,1605.0,CA4110001,2025-10-31,San Mateo,San Francisco Bay,28050.0,72028660.0,,58.7,,37.515,-122.294,66.1,66.5
North Coast County Water District,2025-10-01,1739.0,CA4110025,2025-09-30,San Mateo,San Francisco Bay,38546.0,0.0,,0.0,,37.609,-122.483,66.1,66.5
Redwood City,2025-10-01,2037.0,CA4110022,2025-10-31,San Mateo,San Francisco Bay,91874.0,242971030.0,,71.0,,37.499,-122.229,66.1,66.5
Westborough Water District,2025-10-01,2691.0,CA4110027,2025-10-31,San Mateo,San Francisco Bay,13486.0,21439918.0,,39.9,,37.643,-122.456,66.1,66.5
Carpinteria Valley Water District,2025-10-01,485.0,CA4210001,2025-09-30,Santa Barbara,Central Coast,15996.0,,Flagged,0.0,,34.413,-119.51,64.9,68.9
City of Lompoc,2025-10-01,1459.0,CA4210006,2025-10-31,Santa Barbara,Central Coast,40473.0,109125417.0,,63.3,,34.65,-120.459,64.9,68.9
City of Santa Barbara,2025-10-01,2209.0,CA4210010,2025-10-31,Santa Barbara,Central Coast,98872.0,256531727.0,,59.8,,34.429,-119.71,64.9,68.9
City of Santa Maria,2025-10-01,2218.0,CA4210011,2025-10-31,Santa Barbara,Central Coast,109477.0,294611665.0,,60.4,,34.934,-120.441,64.9,68.9
Golden State Water Company - Orcutt,2025-10-01,1052.0,CA4210016,2025-10-31,Santa Barbara,Central Coast,34102.0,159344053.0,,109.7,,34.872,-120.427,64.9,68.9
Goleta Water District,2025-10-01,1068.0,CA4210004,2025-10-31,Santa Barbara,Central Coast,84462.0,274233269.0,,54.8,,34.442,-119.818,64.9,68.9
Montecito Water District,2025-10-01,1645.0,CA4210007,2025-10-31,Santa Barbara,Central Coast,11962.0,104314591.0,,223.7,,34.437,-119.616,64.9,68.9
California Water Service Company Los Altos/Suburban,2025-10-01,402.0,CA4310001,2025-10-31,Santa Clara,San Francisco Bay,70175.0,290012578.0,,107.8,,37.355,-122.072,66.1,61.5
City of Gilroy,2025-10-01,995.0,CA4310004,2025-09-30,Santa Clara,Central Coast,58108.0,0.0,,0.0,,37.005,-121.585,64.9,61.5
City of Milpitas,2025-10-01,1619.0,CA4310005,2025-10-31,Santa Clara,San Francisco Bay,77961.0,249908608.0,,24.4,,37.432,-121.899,66.1,61.5
City of Morgan Hill,2025-10-01,1656.0,CA4310006,2025-10-31,Santa Clara,Central Coast,47374.0,209117000.0,,84.5,,37.133,-121.642,64.9,61.5
City of Mountain View,2025-10-01,1671.0,CA4310007,2025-10-31,Santa Clara,San Francisco Bay,81756.0,270787085.0,,77.9,,37.402,-122.08,66.1,61.5
City of Palo Alto,2025-10-01,1851.0,CA4310009,2025-10-31,Santa Clara,San Francisco Bay,67901.0,243696184.0,,82.2,,37.391,-122.146,66.1,61.5
City of San Jose,2025-10-01,2174.0,"CA4310019,CA4310020",2025-10-31,Santa Clara,San Francisco Bay,136189.0,404924567.0,,67.6,,37.282,-121.791,66.1,61.5
City of Santa Clara,2025-10-01,2210.0,CA4310012,2025-10-31,Santa Clara,San Francisco Bay,132476.0,463611000.0,,57.0,,37.365,-121.968,66.1,61.5
City of Sunnyvale,2025-10-01,2425.0,CA4310014,2025-10-31,Santa Clara,San Francisco Bay,156234.0,567268513.0,,82.2,,37.378,-122.023,66.1,61.5
Great Oaks Water Company Incorporated,2025-10-01,1083.0,CA4310022,2025-10-31,Santa Clara,San Francisco Bay,110088.0,271858873.0,,62.5,,37.246,-121.799,66.1,61.5
San Jose Water Company,2025-10-01,2175.0,"CA4310011,CA4310018",2025-10-31,Santa Clara,San Francisco Bay,1026543.0,,Flagged,53.9,,37.296,-121.91,66.1,61.5
City of Santa Cruz,2025-10-01,2213.0,CA4410010,2025-10-31,Santa Cruz,Central Coast,95017.0,232282000.0,,42.6,,36.985,-122.034,64.9,46.1
City of Watsonville,2025-10-01,2669.0,CA4410011,2025-10-31,Santa Cruz,Central Coast,65231.0,,Flagged,50.4,,36.942,-121.778,64.9,46.1
San Lorenzo Valley Water District,2025-10-01,2180.0,"CA4410002,CA4410014",2025-10-31,Santa Cruz,Central Coast,25485.0,57820022.0,,41.2,,37.144,-122.118,64.9,46.1
Scotts Valley Water District,2025-10-01,2237.0,CA4410013,2025-10-31,Santa Cruz,Central Coast,11147.0,27487703.0,,47.9,,37.062,-122.006,64.9,46.1
Soquel Creek Water District,2025-10-01,2330.0,CA4410017,2025-10-31,Santa Cruz,Central Coast,40788.0,80253928.0,,49.9,,36.992,-121.919,64.9,46.1
Bella Vista Water District,2025-10-01,167.0,CA4510014,2025-10-31,Shasta,Sacramento River,18612.0,148839164.0,,341.2,,40.62,-122.28,115.8,184.7
City of Anderson,2025-10-01,66.0,CA4510001,2025-10-31,Shasta,Sacramento River,11147.0,57608000.0,,109.9,,40.45,-122.294,115.8,184.7
City of Redding,2025-10-01,2033.0,CA4510005,2025-10-31,Shasta,Sacramento River,87741.0,564262071.0,,171.5,,40.574,-122.376,115.8,184.7
City of Shasta Lake,2025-10-01,2273.0,CA4510006,2025-10-31,Shasta,Sacramento River,10657.0,46604510.0,,98.6,,40.679,-122.378,115.8,184.7
City of Yreka,2025-10-01,2789.0,CA4710011,2025-10-31,Siskiyou,North Coast,7825.0,49730000.0,,73.3,,41.73,-122.631,62.8,73.3
California Water Service Company Dixon,2025-10-01,390.0,CA4810002,2025-10-31,Solano,Sacramento River,10623.0,34713219.0,,71.0,,38.446,-121.826,115.8,89.4
City of Benicia,2025-10-01,178.0,CA4810001,2025-10-31,Solano,San Francisco Bay,27131.0,97586000.0,,85.4,,38.072,-122.153,66.1,89.4
City of Fairfield,2025-10-01,867.0,CA4810003,2025-10-31,Solano,Sacramento River,120377.0,530670000.0,,75.7,,38.214,-122.117,115.8,89.4
City of Rio Vista,2025-10-01,2063.0,CA4810004,2025-10-31,Solano,Sacramento River,10489.0,61407100.0,,139.8,,38.177,-121.703,115.8,89.4
City of Vacaville,2025-10-01,2597.0,CA4810008,2025-10-31,Solano,Sacramento River,97000.0,437291000.0,,106.2,,38.36,-121.968,115.8,89.4
City of Vallejo,2025-10-01,2603.0,"CA4810007,CA4810021",2025-08-31,Solano,San Francisco Bay,128890.0,0.0,,0.0,,38.114,-122.235,66.1,89.4
Suisun - Solano Water Authority,2025-10-01,2405.0,CA4810005,2025-10-31,Solano,San Francisco Bay,29105.0,97690000.0,,82.3,,38.249,-122.006,66.1,89.4
City of Cloverdale,2025-10-01,572.0,CA4910002,2025-10-31,Sonoma,North Coast,10557.0,28256160.0,,48.0,,38.799,-123.019,62.8,69.5
City of Healdsburg,2025-10-01,1144.0,CA4910005,2025-10-31,Sonoma,North Coast,10914.0,44892436.0,,98.5,,38.622,-122.866,62.8,69.5
City of Petaluma,2025-10-01,1894.0,CA4910006,2025-10-31,Sonoma,San Francisco Bay,60665.0,191142606.0,,54.2,,38.243,-122.628,66.1,69.5
City of Rohnert Park,2025-10-01,2103.0,CA4910014,2025-10-31,Sonoma,North Coast,43693.0,120971677.0,,70.7,,38.348,-122.696,62.8,69.5
City of Santa Rosa,2025-10-01,2224.0,CA4910009,2025-10-31,Sonoma,North Coast,178177.0,446732397.0,,67.4,,38.448,-122.7,62.8,69.5
City of Sonoma,2025-10-01,2326.0,CA4910012,2025-10-31,Sonoma,San Francisco Bay,11725.0,52303214.0,,106.3,,38.29,-122.457,66.1,69.5
Sweetwater Springs Water District,2025-10-01,2438.0,"CA4910004,CA4910028",2025-10-31,Sonoma,North Coast,9000.0,18119400.0,,98.7,,38.486,-123.002,62.8,69.5
Valley of The Moon Water District,2025-10-01,2610.0,CA4910013,2025-10-31,Sonoma,San Francisco Bay,23687.0,32403243.0,,101.2,,38.32,-122.5,66.1,69.5
Windsor Town of,2025-10-01,2751.0,CA4910017,2025-10-31,Sonoma,North Coast,25985.0,78300000.0,,59.1,,38.543,-122.804,62.8,69.5
City of Ceres,2025-10-01,522.0,CA5010028,2025-10-31,Stanislaus,San Joaquin River,54513.0,182909000.0,,68.7,,37.597,-120.956,103.3,92.6
City of Modesto,2025-10-01,1631.0,"CA5010005,CA5010010,CA5010023,CA5010029,CA5010031,CA5010033,CA5010034,CA5010035",2025-09-30,Stanislaus,San Joaquin River,237114.0,0.0,,0.0,,37.653218,-120.986742,103.3,92.6
City of Newman,2025-10-01,1729.0,CA5010013,2025-10-31,Stanislaus,San Joaquin River,12351.0,57337000.0,,101.3,,37.317,-121.025,103.3,92.6
City of Oakdale,2025-10-01,1765.0,CA5010014,2025-10-31,Stanislaus,San Joaquin River,23235.0,120220000.0,,98.2,,37.762,-120.845,103.3,92.6
City of Patterson,2025-10-01,1877.0,CA5010017,2025-10-31,Stanislaus,San Joaquin River,23304.0,113139000.0,,107.0,,37.48,-121.107,103.3,92.6
City of Riverbank,2025-10-01,2074.0,CA5010018,2025-09-30,Stanislaus,San Joaquin River,24834.0,0.0,,0.0,,37.73,-120.938,103.3,92.6
City of Turlock,2025-10-01,2524.0,CA5010019,2025-10-31,Stanislaus,San Joaquin River,72682.0,514066100.0,,102.5,,37.504,-120.854,103.3,92.6
Yuba City,2025-10-01,2790.0,CA5110002,2025-10-31,Sutter,Sacramento River,70256.0,344350000.0,,145.0,,39.135,-121.625,115.8,145.0
City of Red Bluff,2025-10-01,2031.0,CA5210004,2025-10-31,Tehama,Sacramento River,14076.0,,Flagged,131.9,,40.17,-122.238,115.8,131.9
California Water Service Company Visalia,2025-10-01,427.0,"CA5400935,CA5410016,CA5410041",2025-10-31,Tulare,Tulare Lake,148174.0,826728884.0,,134.6,,36.323,-119.306,108.6,125.0
City of Dinuba,2025-10-01,737.0,CA5410002,2025-10-31,Tulare,Tulare Lake,26955.0,125354288.0,,138.4,,36.545,-119.394,108.6,125.0
City of Exeter,2025-10-01,863.0,CA5410003,2025-10-31,Tulare,Tulare Lake,11169.0,52056100.0,,104.8,,36.294,-119.145,108.6,125.0
City of Lindsay,2025-10-01,1432.0,CA5410006,2025-08-31,Tulare,Tulare Lake,12659.0,0.0,,0.0,,36.20826,-119.09005,108.6,125.0
City of Porterville,2025-10-01,1956.0,CA5410010,2025-10-31,Tulare,Tulare Lake,63164.0,261726166.0,,108.4,,36.071658,-119.025804,108.6,125.0
City of Tulare,2025-10-01,2516.0,CA5410015,2025-10-31,Tulare,Tulare Lake,70733.0,388541100.0,,117.6,,36.204,-119.336,108.6,125.0
Groveland Community Services District,2025-10-01,1109.0,CA5510009,2025-10-31,Tuolumne,San Joaquin River,3400.0,11135316.0,,72.7,,37.839,-120.208,103.3,72.7
Tuolumne Utilities District,2025-10-01,2523.0,"CA5500363,CA5510001,CA5510002,CA5510003,CA5510012,CA5510013,CA5510015,CA5510021,CA5510025,CA5510028,CA5510033",2025-09-30,Tuolumne,San Joaquin River,31897.0,0.0,,0.0,,37.961,-120.24,103.3,72.7
California American Water Company - Ventura District,2025-10-01,376.0,"CA5610040,CA5610081",2025-10-31,Ventura,South Coast,68848.0,365640000.0,,110.8,,34.191,-118.925,82.2,86.6
California Water Service Company Westlake,2025-10-01,428.0,CA5610016,2025-10-31,Ventura,South Coast,19533.0,165620945.0,,197.4,,34.173,-118.816,82.2,86.6
Camrosa Water District,2025-10-01,467.0,CA5610063,2025-10-31,Ventura,South Coast,32700.0,187247303.0,,127.4,,34.231,-118.942,82.2,86.6
Casitas Municipal Water District,2025-10-01,495.0,"CA5610014,CA5610024",2025-10-31,Ventura,South Coast,17806.0,,Flagged,137.2,,34.383,-119.295,82.2,86.6
City of (Ventura) San Buenaventura,2025-10-01,2158.0,CA5610017,2025-10-31,Ventura,South Coast,113500.0,374546173.0,,74.7,,34.278,-119.225,82.2,86.6
City of Camarillo,2025-10-01,443.0,CA5610019,2025-10-31,Ventura,South Coast,46824.0,,Flagged,86.2,,34.226,-119.052,82.2,86.6
City of Fillmore,2025-10-01,890.0,CA5610002,2025-10-31,Ventura,South Coast,16419.0,59264292.0,,101.6,,34.399,-118.915,82.2,86.6
City of Oxnard,2025-10-01,1827.0,CA5610007,2025-10-31,Ventura,South Coast,200232.0,391320263.0,,52.6,,34.176,-119.171,82.2,86.6
City of Port Hueneme,2025-10-01,1953.0,CA5610009,2025-10-31,Ventura,South Coast,21407.0,46195896.0,,45.0,,34.161,-119.197,82.2,86.6
City of Santa Paula,2025-10-01,2222.0,CA5610011,2025-10-31,Ventura,South Coast,31018.0,108883218.0,,96.8,,34.342,-119.095,82.2,86.6
City of Thousand Oaks,2025-10-01,2469.0,CA5610020,2025-10-31,Ventura,South Coast,53157.0,253642418.0,,112.9,,34.201,-118.85,82.2,86.6
Golden State Water Company - Simi Valley,2025-10-01,1057.0,CA5610059,2025-10-31,Ventura,South Coast,45128.0,154260291.0,,79.3,,34.262,-118.729,82.2,86.6
Triunfo Sanitation District/Oak Park Water Service,2025-10-01,2510.0,CA5610043,2025-10-31,Ventura,South Coast,13898.0,50604660.0,,97.3,,34.182,-118.768,82.2,86.6
Ventura County Waterworks District No 01 - Moorpark,2025-10-01,2629.0,CA5610018,2025-10-31,Ventura,South Coast,72139.0,167334264.0,,64.8,,34.302,-118.883,82.2,86.6
Ventura County Waterworks District No 08 - Simi Valley,2025-10-01,2631.0,CA5610023,2025-10-31,Ventura,South Coast,94738.0,433184382.0,,115.9,,34.27,-118.747,82.2,86.6
City of Davis,2025-10-01,678.0,CA5710001,2025-10-31,Yolo,Sacramento River,67217.0,268715000.0,,88.5,,38.554,-121.733,115.8,86.3
City of West Sacramento,2025-10-01,2683.0,CA5710003,2025-09-30,Yolo,Sacramento River,53355.0,0.0,,0.0,,38.578,-121.544,115.8,86.3
City of Woodland,2025-10-01,2766.0,CA5710006,2025-10-31,Yolo,Sacramento River,61462.0,261491523.0,,83.9,,38.676,-121.765,115.8,86.3
California Water Service Company Marysville,2025-10-01,405.0,CA5810001,2025-10-31,Yuba,Sacramento River,12385.0,41575723.0,,83.8,,39.153,-121.582,115.8,93.6
Linda County Water District,2025-10-01,1427.0,CA5810002,2025-10-31,Yuba,Sacramento River,21654.0,80592000.0,,100.7,,39.122,-121.553,115.8,93.6
Olivehurst Public Utilities District,2025-10-01,1792.0,"CA5805001,CA5810003",2025-10-31,Yuba,Sacramento River,27059.0,115214000.0,,92.5,,39.065,-121.552,115.8,93.6
